condition,condition_collapsed,class_period,teacher,classroom,studyyear,autonprosocial,statusappeal,junkchoices,junksnack,junkdrink,junkads_angry,junkads_consume,female,black,white,hispanic,whitenonhispanic,blacknonhispanic,age,weight,height,bmi
expose treatment,expose treatment,2,B,B2,2,3.75,5,2,2,0,4,1.333333373,0,0,1,0,1,0,15,150,78,20.299999239999998
expose treatment,expose treatment,2,B,B2,2,4.25,5,1,1,0,2.333333254,1.333333373,1,0,1,0,1,0,15,180,65,28.200000760000002
no treatment control,control,1,A,A1,2,2.25,3,3,2,1,2.666666746,1.666666627,1,0,0,1,0,0,14,165,65,25.799999239999998
expose treatment,expose treatment,2,A,A2,2,4.25,4,2,1,1,2.666666746,3,1,0,0,1,0,0,14,230,65,39.5
traditional health message,control,3,B,B3,2,3.25,5,3,2,1,1,3.333333254,1,0,1,0,1,0,14,113,65,20.700000760000002
no treatment control,control,3,A,A3,2,3.25,2.5,1,1,0,1,2.333333254,0,0,1,1,0,0,13,195,65,29.60000038
expose treatment,expose treatment,4,B,B4,2,4.25,5,3,2,1,1,5,0,0,1,0,1,0,14,216,65,32.79999924
no treatment control,control,2,B,B2,2,1.25,4.5,2,1,1,1,3,0,0,1,0,1,0,14,120,65,21.299999239999998
no treatment control,control,1,D,D1,2,2.25,2,2,2,0,1,3.666666746,0,0,0,1,0,0,13,139,65,20.5
traditional health message,control,1,D,D1,2,2.25,4,3,2,1,1,3,0,0,1,0,1,0,14,106,65,18.799999239999998
no treatment control,control,1,A,A1,2,2.5,3,3,2,1,1,1,1,0,1,0,1,0,14,100,65,17.200000760000002
traditional health message,control,1,D,D1,2,3.5,4.5,3,2,1,1,4,0,0,0,1,0,0,14,140,65,20.700000760000002
traditional health message,control,2,B,B2,2,1.5,3,2,1,1,1,4.666666508,1,0,1,0,1,0,13,125,65,20.799999239999998
traditional health message,control,2,D,D2,2,3.25,4,3,2,1,1.333333373,3.333333254,0,0,1,0,1,0,15,117,65,17.799999239999998
expose treatment,expose treatment,2,D,D2,2,3,5,3,2,1,2,1.666666627,1,0,0,1,0,0,14,115,52,23.200000760000002
traditional health message,control,5,A,A5,2,1.75,5,2,1,1,1,1.666666627,1,0,1,0,1,0,13,104,65,19
no treatment control,control,4,A,A4,2,2,2.5,3,2,1,1,2,1,0,0,1,0,0,13.5,90,65,15
traditional health message,control,4,A,A4,2,3,5,3,2,1,1,2.333333254,1,0,0,1,0,0,14,115,65,18
traditional health message,control,1,A,A1,2,1.75,4,3,2,1,1.333333373,3,0,0,1,0,1,0,14,120,65,21.299999239999998
traditional health message,control,5,A,A5,2,2,4.5,3,2,1,1,3.666666746,1,0,1,1,0,0,14,110,65,20.10000038
expose treatment,expose treatment,1,A,A1,2,4,3,3,2,1,1.666666627,3.666666746,0,0,1,0,1,0,13,98,52,19.10000038
traditional health message,control,5,A,A5,2,2.75,4.5,1,1,0,1,5,1,0,1,0,1,0,14,89,52,17.39999962
no treatment control,control,2,D,D2,2,2.75,3.5,3,2,1,1,4.333333492,1,0,1,1,0,0,14,85,52,17.799999239999998
traditional health message,control,3,B,B3,2,2.5,3,3,2,1,1,3,1,0,0,0,0,0,14,110,65,18.299999239999998
no treatment control,control,6,A,A6,2,2.25,4,2,1,1,1.333333373,1.666666627,1,0,1,1,0,0,14,107,65,15.399999619999999
traditional health message,control,3,A,A3,2,2.5,5,3,2,1,1,1.666666627,0,0,0,1,0,0,14,120,78,16.60000038
traditional health message,control,2,A,A2,2,2.25,2.5,2,1,1,1,3,0,0,1,0,1,0,14,135,65,18.799999239999998
traditional health message,control,6,A,A6,2,2.25,5,3,2,1,1,2.333333254,0,0,1,0,1,0,13,120,65,20.60000038
traditional health message,control,3,D,D3,2,2,4.5,2,1,1,1,1,0,0,0,1,0,0,14,195,65,27.200000760000002
expose treatment,expose treatment,2,B,B2,2,3.25,3,2,1,1,1,2.666666746,0,0,0,1,0,0,14,97,65,18.299999239999998
expose treatment,expose treatment,2,A,A2,2,4,4,2,1,1,2.333333254,1.666666627,1,0,1,0,1,0,13,90,52,17.60000038
expose treatment,expose treatment,1,B,B1,2,3,4,3,2,1,1,2.666666746,0,0,0,1,0,0,15,154,65,24.89999962
traditional health message,control,3,A,A3,2,1.25,1,3,2,1,2.666666746,2.333333254,1,0,1,0,1,0,14,218,52,37.40000153
no treatment control,control,3,B,B3,2,3.25,3,3,2,1,1,1.333333373,0,0,1,0,1,0,14,120,65,20
no treatment control,control,4,A,A4,2,2.25,3,3,2,1,1,3.666666746,0,0,1,0,1,0,14,155,65,21.60000038
no treatment control,control,6,A,A6,2,2.25,2,3,2,1,1.333333373,3.333333254,0,0,1,1,0,0,14,190,65,30.700000760000002
traditional health message,control,4,B,B4,2,2.25,2,3,2,1,1,5,1,0,0,1,0,0,14,94,52,19
expose treatment,expose treatment,6,B,B6,2,3.5,4,1,1,0,1,3.333333254,1,0,0,1,0,0,15,115,65,19.700000760000002
traditional health message,control,4,B,B4,2,2.5,3,3,2,1,1,3.666666746,1,0,1,1,0,0,14,185,65,31.799999239999998
no treatment control,control,2,B,B2,2,1.5,3,3,2,1,1,4,1,0,1,0,1,0,14,110,65,20.10000038
expose treatment,expose treatment,6,A,A6,2,3.5,4.5,1,1,0,1,2.333333254,1,0,1,0,1,0,14,120,52,24.200000760000002
no treatment control,control,3,A,A3,2,2,3,2,1,1,1.333333373,4,0,0,1,0,1,0,14,107,65,18.39999962
no treatment control,control,6,A,A6,2,1,2.5,3,2,1,1.666666627,3.666666746,1,0,0,1,0,0,13.5,218,65,32.79999924
no treatment control,control,3,D,D3,2,1.5,3.5,2,2,0,1,1.333333373,1,0,0,1,0,0,14,156,65,27.60000038
traditional health message,control,6,A,A6,2,1.5,1.5,3,2,1,1.333333373,2.666666746,1,0,1,0,1,0,14,142,65,24.39999962
no treatment control,control,4,B,B4,2,2.25,3.5,2,1,1,1,2.666666746,1,0,1,0,1,0,13,125,65,22.10000038
traditional health message,control,2,A,A2,2,2.25,5,3,2,1,1,4,0,0,1,1,0,0,14,135,65,19.89999962
expose treatment,expose treatment,3,D,D3,2,1.5,2,2,1,1,1,1.333333373,1,0,0,1,0,0,14,80,52,16.200000760000002
traditional health message,control,4,A,A4,2,1.5,2,2,2,0,1,4,0,0,0,0,0,0,13,112,65,18.10000038
traditional health message,control,1,D,D1,2,1.5,1,2,1,1,1,4.333333492,1,0,0,1,0,0,14,154,65,22.10000038
no treatment control,control,1,B,B1,2,2.75,3.5,2,1,1,1,4.333333492,0,0,0,1,0,0,15,140,65,20.10000038
traditional health message,control,1,A,A1,2,1.25,3.5,2,1,1,1.666666627,2.666666746,1,0,0,1,0,0,14,130,65,20.39999962
no treatment control,control,1,B,B1,2,1.5,3,3,2,1,1,3.666666746,0,0,0,1,0,0,14,100,65,18.299999239999998
no treatment control,control,4,B,B4,2,2.5,3.5,1,1,0,1,4,0,0,0,1,0,0,13,150,65,25
no treatment control,control,5,A,A5,2,2.5,3.5,3,2,1,1,3.666666746,1,0,0,1,0,0,14,125,65,22.10000038
expose treatment,expose treatment,3,D,D3,2,2,4,1,1,0,1,1,0,0,0,1,0,0,14,145,65,25.700000760000002
expose treatment,expose treatment,3,A,A3,2,3,3,3,2,1,1,3.333333254,1,0,1,0,1,0,14,189,65,29.39999962
expose treatment,expose treatment,4,B,B4,2,3.5,2.5,2,1,1,1.333333373,3,1,1,0,0,0,1,13.5,123,65,20.5
expose treatment,expose treatment,6,A,A6,2,1.25,2,3,2,1,1,3.333333254,1,1,1,0,1,1,14,97,78,17.700000760000002
traditional health message,control,6,A,A6,2,1.75,3.5,3,2,1,1,2,1,0,1,0,1,0,14,108,65,18
expose treatment,expose treatment,1,A,A1,2,4.25,4,2,1,1,1,3.666666746,0,0,1,1,0,0,14,97,65,17.700000760000002
no treatment control,control,1,D,D1,2,1.25,2.5,3,2,1,1,1.666666627,0,0,1,0,1,0,13,150,65,24.200000760000002
no treatment control,control,4,A,A4,2,3.25,5,2,1,1,1,3.333333254,0,0,1,0,1,0,14,130,65,21.60000038
traditional health message,control,3,A,A3,2,2.75,3.5,3,2,1,1,3,0,0,1,0,1,0,14,110,65,18.89999962
traditional health message,control,3,D,D3,2,2.25,4.5,3,2,1,1,2.333333254,1,0,1,0,1,0,15,119,65,18.10000038
traditional health message,control,5,A,A5,2,2.75,4.5,2,1,1,1,3.333333254,1,0,0,1,0,0,13,120,65,20
expose treatment,expose treatment,6,B,B6,2,3.75,3,1,0,1,1.333333373,4.333333492,0,0,1,0,1,0,14,104,65,19.700000760000002
no treatment control,control,3,D,D3,2,1.75,2,1,1,0,1.333333373,2,1,0,1,0,1,0,14,99,65,18.700000760000002
expose treatment,expose treatment,4,A,A4,2,3.25,3.5,2,1,1,1.333333373,4.333333492,1,0,0,1,0,0,13,129,65,22.10000038
expose treatment,expose treatment,2,D,D2,2,1.5,5,2,1,1,1,2.333333254,0,0,0,1,0,0,14,130,65,19.200000760000002
traditional health message,control,6,B,B6,2,1.75,2.5,1,1,0,1,1.666666627,0,0,1,0,1,0,14,164,65,24.200000760000002
expose treatment,expose treatment,2,A,A2,2,4,5,1,1,0,3,1.666666627,1,0,1,0,1,0,14,120,65,20.60000038
no treatment control,control,1,A,A1,2,2,3.5,3,2,1,2.333333254,2.666666746,1,0,1,0,1,0,14,178,65,27.89999962
no treatment control,control,2,A,A2,2,1.5,3.5,2,1,1,1.333333373,2.666666746,0,0,1,0,1,0,13,147,65,25.200000760000002
expose treatment,expose treatment,5,B,B5,2,2.75,2,2,1,1,1,1,0,0,0,1,0,0,14,172,78,22.700000760000002
no treatment control,control,1,B,B1,2,1,2,3,2,1,1,4.666666508,0,0,0,1,0,0,14,145,65,22.700000760000002
expose treatment,expose treatment,4,A,A4,2,3,5,0,0,0,1,1,0,0,1,0,1,0,13,145,65,20.799999239999998
traditional health message,control,2,B,B2,2,3.5,3.5,2,1,1,1,4,0,0,1,0,1,0,14,120,65,17.200000760000002
traditional health message,control,6,A,A6,2,4,5,1,1,0,2,1.333333373,0,0,1,0,1,0,14,250,65,37.40000153
traditional health message,control,5,B,B5,2,1.25,3.5,3,2,1,1,5,0,0,1,0,1,0,14,152,65,21.799999239999998
traditional health message,control,1,D,D1,2,1.75,4,3,2,1,1,4,1,1,0,1,0,0,13,108,65,17.39999962
traditional health message,control,2,B,B2,2,1,1.5,2,1,1,1,4,1,0,1,0,1,0,14,115,65,20.39999962
traditional health message,control,3,B,B3,2,1.5,2.5,2,1,1,1,3,1,0,1,0,1,0,13,115,65,20.39999962
traditional health message,control,2,A,A2,2,2.75,2.5,2,1,1,1,2,0,0,0,1,0,0,13,74,52,14.899999619999999
expose treatment,expose treatment,2,D,D2,2,2,1.5,3,2,1,1,4.666666508,1,0,1,0,1,0,14,115,65,21
no treatment control,control,3,D,D3,2,2.5,4,2,1,1,1,3.666666746,0,0,0,1,0,0,14,135,78,18.299999239999998
traditional health message,control,3,B,B3,2,1.5,2,2,1,1,1,1.666666627,1,0,0,1,0,0,14,135,65,23.200000760000002
no treatment control,control,3,B,B3,2,1.25,5,3,2,1,1,2.666666746,0,0,1,0,1,0,14,145,65,22.700000760000002
traditional health message,control,2,B,B2,2,2,4.5,1,1,0,2,3,0,0,1,0,1,0,15,120,65,18.200000760000002
expose treatment,expose treatment,3,A,A3,2,3,4.5,3,2,1,1,5,0,0,0,1,0,0,15,150,65,26.60000038
expose treatment,expose treatment,3,D,D3,2,3,3.5,2,2,0,1,3.666666746,0,0,1,1,0,0,14,190,78,24.39999962
no treatment control,control,2,B,B2,2,1.75,4,2,1,1,1,4.333333492,1,1,0,0,0,1,14,122,65,20.89999962
traditional health message,control,2,A,A2,2,2.5,4,2,1,1,2,2,1,0,0,1,0,0,13,96,65,18.700000760000002
expose treatment,expose treatment,3,B,B3,2,1.75,5,3,2,1,1,3.333333254,0,0,1,0,1,0,13.5,130,65,18.700000760000002
traditional health message,control,2,B,B2,2,2.25,3.5,2,1,1,1,4,1,0,1,1,0,0,14,122,65,19.700000760000002
no treatment control,control,5,B,B5,2,1.25,2.5,3,2,1,1,3.666666746,0,0,0,1,0,0,13,108,65,18.5
traditional health message,control,4,A,A4,2,2.5,4,2,1,1,1,3.333333254,1,0,1,0,1,0,14,120,65,20
expose treatment,expose treatment,2,B,B2,2,3.75,5,1,0,1,1.333333373,2,1,0,1,0,1,0,14,112,65,19.200000760000002
no treatment control,control,3,D,D3,2,1.5,3.5,3,2,1,1,4,0,0,1,0,1,0,13,120,65,19.39999962
no treatment control,control,1,A,A1,2,3,5,1,1,0,2,3,1,0,1,0,1,0,14,140,65,22.60000038
no treatment control,control,5,B,B5,2,1.75,2.5,3,2,1,1,4.333333492,0,0,1,0,1,0,13,105,65,19.799999239999998
no treatment control,control,1,D,D1,2,2.75,3,3,2,1,1,4.666666508,1,0,0,1,0,0,13,140,65,24.799999239999998
expose treatment,expose treatment,3,D,D3,2,5,3.5,1,1,0,1,1.333333373,1,0,1,0,1,0,13,86,65,16.200000760000002
expose treatment,expose treatment,1,B,B1,2,3.5,5,2,1,1,4,1,1,0,0,1,0,0,14,125,65,21.5
traditional health message,control,5,B,B5,2,2.25,4,1,1,0,1,4,0,0,1,0,1,0,15,141,65,21.39999962
no treatment control,control,3,B,B3,2,1,3.5,2,2,0,1,3,1,0,1,0,1,0,13,103,65,15.69999981
no treatment control,control,2,B,B2,2,2.5,4,3,2,1,1,3.333333254,1,1,1,0,1,1,14,120,65,20
traditional health message,control,4,B,B4,2,2.5,2.5,2,1,1,1,3.333333254,0,0,0,1,0,0,13,130.5,52,26.39999962
no treatment control,control,6,B,B6,2,3,1,2,1,1,1,5,1,0,1,0,1,0,13,144,65,24
expose treatment,expose treatment,3,D,D3,2,3,3,2,1,1,1.333333373,2.333333254,1,0,1,0,1,0,14,150,65,28.89999962
no treatment control,control,5,A,A5,2,1,3,1,1,0,1,2,0,0,1,0,1,0,13,216,65,39.5
traditional health message,control,2,D,D2,2,1.75,2.5,1,1,0,1.333333373,1.666666627,1,0,1,1,0,0,14,170,65,25.10000038
no treatment control,control,6,B,B6,2,3.75,4.5,2,1,1,1,2.333333254,1,0,0,1,0,0,14,160,65,25.10000038
traditional health message,control,1,A,A1,2,3,4.5,2,2,0,1.333333373,2.666666746,0,0,1,0,1,0,14,130,65,19.200000760000002
expose treatment,expose treatment,5,A,A5,2,4,3.5,2,1,1,1.666666627,3.666666746,0,0,0,1,0,0,13,110,65,18.89999962
traditional health message,control,2,A,A2,2,3,3,3,2,1,1,3.333333254,0,0,1,0,1,0,13,126,65,20.299999239999998
expose treatment,expose treatment,5,B,B5,2,3.75,3.5,2,1,1,1.333333373,3,1,0,0,1,0,0,13,159,65,29.10000038
expose treatment,expose treatment,4,A,A4,2,3,3,2,1,1,1,2.333333254,0,0,1,0,1,0,13,216,65,31.60000038
no treatment control,control,2,D,D2,2,2,4.5,2,1,1,1,4.333333492,1,0,1,0,1,0,15,150,65,25
expose treatment,expose treatment,4,B,B4,2,3.5,4.5,3,2,1,1.666666627,3.333333254,1,0,0,1,0,0,13,120,65,21.89999962
no treatment control,control,2,B,B2,2,2.5,1.5,3,2,1,1,3.333333254,1,0,1,1,0,0,13,105,65,17.5
expose treatment,expose treatment,2,B,B2,2,1.75,2,3,2,1,1,4,1,0,0,1,0,0,13,96,65,17.60000038
traditional health message,control,4,B,B4,2,1.5,2.5,3,2,1,1,3.333333254,1,0,0,1,0,0,14,148,65,28.89999962
traditional health message,control,4,A,A4,2,1.5,4.5,3,2,1,2.333333254,3.666666746,0,1,0,1,0,0,14,135,65,21.10000038
expose treatment,expose treatment,3,D,D3,2,2.75,3,2,1,1,1,1,0,0,1,0,1,0,15,89,65,16.299999239999998
no treatment control,control,4,A,A4,2,2.25,1.5,2,2,0,2,5,0,1,1,0,1,1,13,250,78,32.09999847
traditional health message,control,3,B,B3,2,1.5,3,2,1,1,1,2.666666746,0,0,1,0,1,0,14,108,65,16.89999962
expose treatment,expose treatment,3,B,B3,2,2.25,4.5,2,1,1,1,2.666666746,0,0,0,1,0,0,13,140,65,19.5
expose treatment,expose treatment,1,D,D1,2,4,3.5,3,2,1,1.333333373,2.333333254,0,0,0,1,0,0,15,130,65,19.200000760000002
expose treatment,expose treatment,4,B,B4,2,4.75,5,3,2,1,4,1.666666627,1,0,1,0,1,0,15,195,65,31.60000038
no treatment control,control,2,D,D2,2,1.75,4,2,2,0,1.666666627,3.333333254,0,0,1,0,1,0,15,120,65,18.200000760000002
no treatment control,control,6,A,A6,2,1,3,1,1,0,1,3.333333254,1,0,1,0,1,0,14,189,65,27.200000760000002
expose treatment,expose treatment,3,B,B3,2,4.5,4.5,2,1,1,2,3,1,0,1,1,0,0,13.5,90,52,18.200000760000002
traditional health message,control,6,B,B6,2,2,3.5,3,2,1,1,2.333333254,1,1,1,0,1,1,14,89,65,15.80000019
no treatment control,control,4,A,A4,2,2.25,2.5,2,1,1,1.666666627,3.333333254,1,0,1,0,1,0,14,130,65,22.299999239999998
expose treatment,expose treatment,2,B,B2,2,3.25,2.5,3,2,1,1,1.666666627,0,0,0,0,0,0,14,178,78,28.299999239999998
expose treatment,expose treatment,1,D,D1,2,1.75,2,3,2,1,3.666666746,1,1,0,0,1,0,0,14,130,65,25.39999962
traditional health message,control,1,A,A1,2,1.75,3,3,2,1,1,2,0,0,1,0,1,0,14,155,78,19.89999962
no treatment control,control,2,B,B2,2,3,2.5,2,1,1,1,4.333333492,0,0,1,0,1,0,13,150,65,25.700000760000002
expose treatment,expose treatment,2,D,D2,2,4.5,4,2,1,1,1.666666627,2.333333254,1,0,0,1,0,0,14,124,65,22
traditional health message,control,5,A,A5,2,2.5,2,2,2,0,2,2,1,0,0,1,0,0,14,140,65,24
traditional health message,control,1,A,A1,2,3.5,5,1,1,0,1,2.333333254,1,0,1,1,0,0,13,115,65,20.39999962
traditional health message,control,3,A,A3,2,2,1.5,2,2,0,3.666666746,3.666666746,0,0,0,1,0,0,15,250,78,32.79999924
traditional health message,control,3,D,D3,2,2,3,1,1,0,2.666666746,1.666666627,0,0,0,1,0,0,14,117,65,20.10000038
no treatment control,control,5,B,B5,2,1.75,4,2,1,1,1,1.666666627,1,0,0,1,0,0,14,90,65,17
expose treatment,expose treatment,2,A,A2,2,4,4.5,2,1,1,2.666666746,3,1,0,0,1,0,0,14,96,52,19.39999962
no treatment control,control,6,B,B6,2,2,3.5,3,2,1,1,2.666666746,0,0,0,1,0,0,14,165,65,25.10000038
expose treatment,expose treatment,6,A,A6,2,4.5,1.5,1,1,0,3,3.666666746,1,0,0,1,0,0,13,117,65,19.5
no treatment control,control,4,B,B4,2,2.5,3,3,2,1,1,3,0,0,0,1,0,0,14,100,65,17.700000760000002
traditional health message,control,3,A,A3,2,1.75,4,2,1,1,1,3,1,1,0,0,0,1,15,216,65,31.60000038
no treatment control,control,6,A,A6,2,1.5,2,3,2,1,1,2.666666746,1,0,0,1,0,0,14,110,65,20.799999239999998
no treatment control,control,1,D,D1,2,3,3.5,3,2,1,1,2.666666746,1,0,1,0,1,0,14,108,65,19.799999239999998
traditional health message,control,1,B,B1,2,2.5,2.5,3,2,1,1,4,1,0,0,1,0,0,14,92,52,18
no treatment control,control,1,D,D1,2,2.5,5,2,1,1,1.333333373,2.666666746,0,0,1,0,1,0,13,168,65,26.299999239999998
no treatment control,control,4,A,A4,2,2.75,4,2,1,1,3.5,4.5,1,0,1,1,0,0,13,250,65,37.40000153
no treatment control,control,1,A,A1,2,1,2,2,2,0,1,4,0,0,1,0,1,0,14,130,65,19.200000760000002
expose treatment,expose treatment,5,A,A5,2,3,2.5,3,2,1,2.666666746,2,1,0,0,1,0,0,14,95,65,17.89999962
expose treatment,expose treatment,6,A,A6,2,4.25,5,2,1,1,1,2,1,0,1,0,1,0,13,95,65,16.299999239999998
no treatment control,control,1,A,A1,2,1.25,4.5,2,1,1,1.666666627,2.666666746,1,0,1,0,1,0,14,144,65,21.299999239999998
expose treatment,expose treatment,6,A,A6,2,3,5,2,1,1,2,3,1,0,0,1,0,0,14,185,52,32.79999924
expose treatment,expose treatment,1,A,A1,2,3.25,3.5,2,1,1,1,1.666666627,1,0,1,0,1,0,14,118,65,19.60000038
expose treatment,expose treatment,2,B,B2,2,4.25,4.5,3,2,1,1,2.333333254,0,0,1,0,1,0,14,168,65,25.5
traditional health message,control,1,A,A1,2,1.5,4.5,3,2,1,1,2.333333254,1,0,1,0,1,0,14,97,65,16.60000038
traditional health message,control,2,B,B2,2,3.75,4.5,3,2,1,1.333333373,2.666666746,0,0,1,0,1,0,14,135,78,17.299999239999998
traditional health message,control,2,B,B2,2,1.5,3.5,2,1,1,1,2.333333254,1,0,1,0,1,0,14,120,65,17.200000760000002
no treatment control,control,3,D,D3,2,3.25,4,3,2,1,3.666666746,2,0,0,1,0,1,0,13,199,65,29.39999962
traditional health message,control,1,D,D1,2,1.5,1.5,1,1,0,1,2,1,0,0,1,0,0,14,185,65,29.39999962
no treatment control,control,6,B,B6,2,1.75,4.5,3,2,1,1.666666627,1,1,0,1,0,1,0,13,216,52,37.40000153
traditional health message,control,4,B,B4,2,1,2,3,2,1,1,2.666666746,0,0,1,0,1,0,13,130,65,19.200000760000002
traditional health message,control,2,A,A2,2,2,3.5,3,2,1,1,4,1,0,1,0,1,0,14,195,65,34.5
traditional health message,control,3,B,B3,2,1.75,5,3,2,1,1,4,0,0,0,1,0,0,14,125,65,20.200000760000002
no treatment control,control,2,B,B2,2,1.5,3.5,2,1,1,1.333333373,3.666666746,1,0,0,1,0,0,14,160,65,26.60000038
expose treatment,expose treatment,3,B,B3,2,3.5,3,3,2,1,1.333333373,2.666666746,1,0,0,1,0,0,14,102,65,19.89999962
expose treatment,expose treatment,1,A,A1,2,4,4.5,2,1,1,2.333333254,2.333333254,0,0,1,0,1,0,14,138,65,21.60000038
no treatment control,control,2,B,B2,2,3.25,3.5,3,2,1,1.333333373,4,0,0,1,0,1,0,14,118,65,17.89999962
traditional health message,control,1,A,A1,2,2.5,5,2,1,1,1,4,0,0,1,0,1,0,13,136,65,20.700000760000002
no treatment control,control,2,B,B2,2,1,4.5,1,1,0,1,2,1,0,1,0,1,0,14,95,65,17.39999962
expose treatment,expose treatment,1,A,A1,2,2.75,4.5,2,2,0,2,1,0,0,0,1,0,0,14,160,65,26.60000038
no treatment control,control,3,B,B3,2,1.5,1.5,3,2,1,1,4,1,0,0,1,0,0,14,195,65,27.200000760000002
expose treatment,expose treatment,2,B,B2,2,1.25,4.5,3,2,1,1.666666627,2.333333254,1,0,1,1,0,0,14,115,65,20.39999962
traditional health message,control,4,A,A4,2,2.25,3,2,1,1,1.333333373,3,0,0,0,1,0,0,14,190,65,30.700000760000002
expose treatment,expose treatment,4,B,B4,2,2.5,2,3,2,1,1.333333373,2.333333254,1,0,0,1,0,0,14,190,65,31.60000038
no treatment control,control,6,A,A6,2,3,3.5,3,2,1,1,4,1,0,0,1,0,0,14,99,65,19.299999239999998
expose treatment,expose treatment,5,A,A5,2,2.333333254,4,1,1,0,1.333333373,3,0,0,0,1,0,0,14,69,78,17.700000760000002
expose treatment,expose treatment,6,A,A6,2,3.75,2.5,2,1,1,2,3,0,0,0,1,0,0,14,75,52,15.100000380000001
traditional health message,control,2,B,B2,2,2.75,5,3,2,1,1,3.333333254,1,0,0,1,0,0,14,150,65,23.5
traditional health message,control,5,A,A5,2,3.25,5,3,2,1,1,2.666666746,1,0,0,1,0,0,14,121,65,22.89999962
expose treatment,expose treatment,2,B,B2,2,3.5,3,1,1,0,2,4.333333492,1,0,0,1,0,0,14,115,65,20.39999962
expose treatment,expose treatment,3,B,B3,2,2.5,5,3,2,1,1.333333373,1,0,0,1,0,1,0,15,125,65,19
no treatment control,control,5,B,B5,2,2,3,2,1,1,1,5,0,0,0,1,0,0,14,133,65,20.799999239999998
no treatment control,control,3,B,B3,2,1.5,4.5,1,1,0,1,3.666666746,1,0,1,0,1,0,14,135,65,19.89999962
no treatment control,control,3,B,B3,2,3.5,5,1,0,1,1,5,1,0,1,0,1,0,14,112,65,19.200000760000002
expose treatment,expose treatment,4,B,B4,2,3.75,3.5,2,1,1,1,5,1,0,0,1,0,0,13,110,65,20.799999239999998
expose treatment,expose treatment,1,D,D1,2,3.25,3,2,1,1,1,3.666666746,1,0,0,1,0,0,14,145,65,25
expose treatment,expose treatment,3,D,D3,2,3.5,3.5,2,1,1,1,1,1,0,0,1,0,0,14,128,65,21.299999239999998
expose treatment,expose treatment,3,D,D3,2,4,4,2,2,0,1,2.333333254,1,0,0,1,0,0,14,102,65,18.10000038
no treatment control,control,5,B,B5,2,2.5,2,2,1,1,1,5,1,0,1,0,1,0,13.5,120,65,20.60000038
traditional health message,control,1,B,B1,2,2.75,2,2,1,1,1,4,1,0,1,0,1,0,14,97,65,17.700000760000002
expose treatment,expose treatment,5,B,B5,2,3,5,2,1,1,4,2.333333254,1,0,0,1,0,0,15,120,65,21.299999239999998
traditional health message,control,3,A,A3,2,2.25,5,3,2,1,1,3.666666746,0,0,1,1,0,0,14,95,65,16.799999239999998
no treatment control,control,1,A,A1,2,1.75,3.5,3,2,1,1,3.666666746,1,0,1,0,1,0,13,110,65,20.799999239999998
traditional health message,control,5,A,A5,2,1.25,4,1,1,0,1,3.666666746,0,0,1,0,1,0,14,142,65,19.799999239999998
no treatment control,control,3,B,B3,2,1.5,5,2,1,1,1,2.666666746,1,0,1,0,1,0,14,125,65,21.5
traditional health message,control,5,A,A5,2,3.5,4.5,3,2,1,1,2,0,0,0,1,0,0,14,120,52,24.200000760000002
expose treatment,expose treatment,3,B,B3,2,1.5,2.5,2,1,1,3.666666746,1,1,0,1,0,1,0,14,122,65,22.299999239999998
traditional health message,control,5,A,A5,2,2.5,3,2,1,1,1.666666627,3.333333254,0,0,0,1,0,0,14,123,65,19.299999239999998
traditional health message,control,5,B,B5,2,1.25,3,2,1,1,1.333333373,2,1,0,0,1,0,0,13,218,65,37.40000153
traditional health message,control,2,B,B2,2,3.5,3,2,1,1,1,3,0,0,1,0,1,0,14,125,65,20.200000760000002
traditional health message,control,2,D,D2,2,2.25,3.5,3,2,1,1,3.666666746,1,1,0,1,0,0,14,195,65,32.79999924
traditional health message,control,3,A,A3,2,2.75,4,1,1,0,1,4,1,0,0,1,0,0,14,120,65,20
no treatment control,control,4,B,B4,2,2.25,3,3,2,1,1,4.666666508,0,0,0,1,0,0,14,120,65,17.200000760000002
expose treatment,expose treatment,4,B,B4,2,3,3,1,1,0,1.333333373,4,0,0,1,0,1,0,14,107,65,19
no treatment control,control,5,A,A5,2,2.75,4,2,1,1,1,4.333333492,0,0,0,1,0,0,14,109,65,17.60000038
expose treatment,expose treatment,6,B,B6,2,3,3,2,1,1,1,2.333333254,1,0,0,1,0,0,14,92,65,15.100000380000001
no treatment control,control,2,B,B2,2,1.5,2,3,2,1,1.333333373,3.333333254,0,0,0,1,0,0,14,96,65,17
traditional health message,control,3,B,B3,2,1.25,1.5,3,2,1,3.666666746,2.333333254,0,0,1,0,1,0,14,104,65,18.39999962
traditional health message,control,1,A,A1,2,2,3,3,2,1,1,2,0,0,0,1,0,0,13,95,65,17.39999962
traditional health message,control,5,A,A5,2,2.5,4,3,2,1,1,4.333333492,0,0,0,1,0,0,15,125,65,18.5
expose treatment,expose treatment,2,A,A2,2,4,4.5,3,2,1,1.666666627,4,0,0,0,1,0,0,14,100,65,18.299999239999998
expose treatment,expose treatment,3,B,B3,2,4.75,3,2,1,1,1.666666627,3.333333254,1,0,1,0,1,0,14,138,65,26.10000038
expose treatment,expose treatment,6,B,B6,2,3.25,5,3,2,1,3.333333254,2.666666746,1,0,0,1,0,0,14,155,65,25
no treatment control,control,6,B,B6,2,1.75,3,1,1,0,1,2.666666746,1,0,1,0,1,0,14,112,65,19.799999239999998
expose treatment,expose treatment,4,B,B4,2,4,4,1,1,0,1.666666627,3.333333254,0,0,1,0,1,0,13.5,110,65,20.10000038
no treatment control,control,3,B,B3,2,1.5,3,2,1,1,1,4,0,0,1,0,1,0,14,112,65,18.10000038
no treatment control,control,3,A,A3,2,1.5,3,2,1,1,1,3.666666746,1,0,1,0,1,0,13,115,65,19.700000760000002
expose treatment,expose treatment,2,D,D2,2,4,3.5,2,1,1,2.333333254,2.666666746,1,0,0,1,0,0,14,90,52,18.200000760000002
no treatment control,control,3,B,B3,2,2,3.5,2,1,1,1,2.666666746,1,0,1,0,1,0,14,115,65,17
no treatment control,control,2,B,B2,2,2.5,2.5,2,1,1,1.333333373,2.333333254,1,0,1,0,1,0,14,112,65,18.60000038
no treatment control,control,2,B,B2,2,2.25,4.5,3,2,1,1,3.333333254,1,0,1,0,1,0,14,103,65,18.200000760000002
traditional health message,control,6,A,A6,2,1.5,3,3,2,1,2,1.666666627,1,0,1,0,1,0,14,131,65,22.5
expose treatment,expose treatment,2,D,D2,2,5,5,0,0,0,3,1,0,0,1,0,1,0,14,150,65,22.799999239999998
expose treatment,expose treatment,1,A,A1,2,4.5,3,2,1,1,1,1.333333373,1,0,1,0,1,0,14,125,65,24.39999962
expose treatment,expose treatment,4,A,A4,2,3.75,3.5,2,1,1,1,4,1,0,0,1,0,0,14,111,65,18.5
expose treatment,expose treatment,2,B,B2,2,4.5,5,0,0,0,2,1.333333373,1,0,0,1,0,0,14,135,65,22.5
expose treatment,expose treatment,5,A,A5,2,3,4,3,2,1,1,4,1,0,0,1,0,0,15,190,65,34.5
expose treatment,expose treatment,1,A,A1,2,4,4,3,2,1,2.666666746,2,1,0,1,1,0,0,13,115,65,20.39999962
expose treatment,expose treatment,4,A,A4,2,2.5,3,2,1,1,1,2,1,0,0,1,0,0,15,190,65,29.39999962
no treatment control,control,5,B,B5,2,2,2.5,3,2,1,1,4.333333492,1,0,0,1,0,0,13,120,52,24.200000760000002
no treatment control,control,2,B,B2,2,1,3,2,1,1,1,2,1,0,1,0,1,0,14,115,65,20.39999962
expose treatment,expose treatment,3,A,A3,2,3,4,2,1,1,1,2.666666746,0,0,0,1,0,0,13,102,65,17
traditional health message,control,5,B,B5,2,2.25,4,2,1,1,1,4,1,0,1,0,1,0,14,110,65,17.799999239999998
no treatment control,control,1,B,B1,2,2.75,2.5,3,2,1,1.333333373,3,1,0,0,1,0,0,14,105,52,21.200000760000002
expose treatment,expose treatment,4,B,B4,2,4.25,2.5,3,2,1,1.333333373,4.666666508,1,0,0,1,0,0,13,160,65,24.39999962
traditional health message,control,1,A,A1,2,2,2.5,1,0,1,1,2.666666746,1,0,1,1,0,0,14,130,65,22.299999239999998
traditional health message,control,3,D,D3,2,2,2,3,2,1,1.333333373,4,0,0,0,1,0,0,13.5,100,65,17.200000760000002
expose treatment,expose treatment,3,A,A3,2,1,4,3,2,1,1.333333373,2.666666746,1,0,1,1,0,0,14,102,65,17.89999962
traditional health message,control,3,A,A3,2,2.25,3,2,1,1,1,3,1,0,1,1,0,0,13,130,65,23.799999239999998
no treatment control,control,6,A,A6,2,1,3.5,0,0,0,1,3.333333254,1,0,1,0,1,0,14,116,65,19.89999962
expose treatment,expose treatment,6,A,A6,2,2.5,5,2,1,1,1,3.333333254,1,0,0,1,0,0,14,120,65,21.299999239999998
traditional health message,control,3,B,B3,2,1.75,4,3,2,1,1,3.333333254,0,0,1,0,1,0,14,120,65,17.700000760000002
no treatment control,control,1,A,A1,2,1.75,5,2,1,1,1,3.666666746,1,0,0,1,0,0,14,190,65,27.200000760000002
traditional health message,control,1,A,A1,2,2.25,5,3,2,1,1,3.666666746,1,0,1,0,1,0,14,115,65,21.700000760000002
no treatment control,control,1,D,D1,2,2.333333254,4,3,2,1,1.666666627,2.333333254,1,0,1,0,1,0,14,125,65,20.799999239999998
traditional health message,control,2,D,D2,2,1,3,2,1,1,1,3.333333254,1,0,0,1,0,0,14,121,65,22.10000038
traditional health message,control,5,B,B5,2,2,2.5,3,2,1,1,2,0,0,0,1,0,0,15,135,65,19.89999962
no treatment control,control,3,B,B3,2,3,5,2,1,1,1,1.666666627,1,0,1,0,1,0,14,145,65,21.39999962
traditional health message,control,2,A,A2,2,3.5,4,1,1,0,2.666666746,2.333333254,1,0,0,1,0,0,13,189,65,31.60000038
expose treatment,expose treatment,3,A,A3,2,2,4,3,2,1,1,3,1,0,1,0,1,0,13,120,65,22.700000760000002
traditional health message,control,2,B,B2,2,2.5,2,3,2,1,1,4.333333492,0,0,0,1,0,0,14,108,65,15.899999619999999
expose treatment,expose treatment,5,A,A5,2,3.75,4.5,3,2,1,2.333333254,5,0,0,1,0,1,0,14,59,65,16.299999239999998
no treatment control,control,3,A,A3,2,2.75,3,3,2,1,1,2.666666746,1,0,1,0,1,0,13,250,65,32.79999924
no treatment control,control,2,B,B2,2,1.75,4,1,1,0,1,1.333333373,1,0,0,0,0,0,14,105,52,21.200000760000002
expose treatment,expose treatment,3,B,B3,2,3.75,4,3,2,1,1,4,0,0,1,0,1,0,13,147,65,21.700000760000002
expose treatment,expose treatment,4,B,B4,2,5,5,2,1,1,4.333333492,2.666666746,1,0,1,0,1,0,14,120,65,18.799999239999998
no treatment control,control,3,D,D3,2,1.5,2,3,2,1,1,1.333333373,1,0,1,0,1,0,13,195,65,29.39999962
traditional health message,control,3,B,B3,2,1.25,2,2,1,1,3,1,1,0,0,1,0,0,14,230,65,32.79999924
expose treatment,expose treatment,5,B,B5,2,3.75,5,1,1,0,2,2.666666746,0,0,0,1,0,0,13,140,65,24.799999239999998
traditional health message,control,3,D,D3,2,2.25,5,2,1,1,1,2.666666746,0,0,0,1,0,0,14,117,65,20.10000038
expose treatment,expose treatment,2,A,A2,2,3,4.5,2,1,1,1,2.666666746,1,0,0,1,0,0,14,120,65,20.60000038
expose treatment,expose treatment,5,B,B5,2,3.25,2.5,2,1,1,1.333333373,3.333333254,1,1,0,1,0,0,13,125,65,22.89999962
traditional health message,control,4,B,B4,2,2.75,2,2,2,0,1,3.666666746,1,0,0,1,0,0,14,135,65,22.5
no treatment control,control,1,B,B1,2,2,2,2,2,0,1,3.333333254,0,0,0,1,0,0,14,185,65,28.10000038
no treatment control,control,3,D,D3,2,2.5,5,0,0,0,1,2.333333254,0,0,1,0,1,0,14,189,65,29.60000038
no treatment control,control,5,A,A5,2,1.25,2.5,3,2,1,1,3.666666746,0,0,0,1,0,0,15,195,65,34.5
expose treatment,expose treatment,3,A,A3,2,2.25,4,3,2,1,1,3.666666746,0,0,0,1,0,0,13,160,65,22.299999239999998
no treatment control,control,1,A,A1,2,1.5,3.5,1,0,1,1,1.666666627,0,0,0,1,0,0,13,115,65,18.60000038
no treatment control,control,6,B,B6,2,1.75,3,1,1,0,1,3,0,0,1,0,1,0,13,216,65,39.5
traditional health message,control,4,B,B4,2,2.25,2,3,2,1,1,1.666666627,1,0,0,1,0,0,14,195,65,31.60000038
expose treatment,expose treatment,4,A,A4,2,4,4,3,2,1,1.333333373,3,1,0,0,1,0,0,14,97,52,20.299999239999998
traditional health message,control,5,B,B5,2,3,3.5,3,2,1,1,3,1,1,0,0,0,1,14,216,65,32.09999847
no treatment control,control,3,B,B3,2,1.5,5,2,1,1,1,1.333333373,0,0,1,1,0,0,13,137,78,18.60000038
traditional health message,control,5,B,B5,2,2.75,4,2,1,1,1,3.666666746,0,0,1,0,1,0,14,165,65,28.299999239999998
expose treatment,expose treatment,1,G,G1,1,3.75,2.5,1,1,0,4,1,1,0,1,1,0,0,14,94,65,17
traditional health message,control,4,F,F4,1,1.5,2,1,1,0,1,2.333333254,1,0,1,1,0,0,14,250,65,32.09999847
expose treatment,expose treatment,6,G,G6,1,4.5,5,1,1,0,1,3,0,0,1,1,0,0,13.5,216,65,39.5
expose treatment,expose treatment,1,F,F1,1,3.5,2,3,2,1,3,2.333333254,0,0,1,0,1,0,13.5,195,65,29.39999962
traditional health message,control,2,F,F2,1,1,2,3,2,1,3.666666746,2.666666746,0,0,1,1,0,0,13,216,65,39.5
traditional health message,control,2,G,G2,1,2.75,3,3,2,1,2,2.333333254,0,0,1,0,1,0,13,216,65,37.40000153
expose treatment,expose treatment,5,F,F5,1,2.25,3,3,2,1,1,2.333333254,0,0,1,1,0,0,13.5,195,65,31.60000038
traditional health message,control,6,F,F6,1,2,5,0,0,0,1,2,0,0,1,0,1,0,15,190,65,30.700000760000002
traditional health message,control,4,F,F4,1,1.5,4,3,2,1,1,2.333333254,0,0,0,0,0,0,14,195,65,29.60000038
expose treatment,expose treatment,6,F,F6,1,1,2.5,2,1,1,1,4.333333492,0,0,1,1,0,0,14,189,65,30.700000760000002
traditional health message,control,3,F,F3,1,2,2.5,3,2,1,1.333333373,2.333333254,1,0,1,1,0,0,14,189,65,34.5
traditional health message,control,4,G,G4,1,2.5,3,3,2,1,1,3.333333254,1,0,1,0,1,0,13,95,52,19
traditional health message,control,5,G,G5,1,1.75,3.5,3,2,1,4,2.333333254,0,0,1,0,1,0,14,190,65,31.799999239999998
expose treatment,expose treatment,4,G,G4,1,1.25,3,2,1,1,1,3,1,0,1,1,0,0,14,195,78,27.200000760000002
traditional health message,control,5,G,G5,1,3,2.5,1,1,0,2.333333254,3,1,0,1,1,0,0,14,185,65,27.200000760000002
expose treatment,expose treatment,1,G,G1,1,2,3,3,2,1,2.333333254,1.333333373,1,0,1,1,0,0,14,195,65,32.09999847
expose treatment,expose treatment,6,F,F6,1,1.25,3,2,1,1,1,3,0,0,1,0,1,0,13,190,65,34.5
traditional health message,control,1,G,G1,1,1.5,3.5,2,2,0,1,4,0,0,1,1,0,0,13,185,65,31.799999239999998
expose treatment,expose treatment,4,E,E4,1,3.5,3,3,2,1,1,2.333333254,0,0,1,0,1,0,13.5,218,65,39.5
traditional health message,control,1,G,G1,1,2.5,2,2,1,1,1.333333373,3.666666746,1,0,1,1,0,0,13,190,65,27.200000760000002
expose treatment,expose treatment,2,G,G2,1,2.25,2,1,1,0,2,1.333333373,0,0,1,1,0,0,14,185,78,25.5
traditional health message,control,6,G,G6,1,3.25,3.5,2,1,1,2.666666746,3.666666746,1,0,1,0,1,0,13,195,65,27.200000760000002
expose treatment,expose treatment,6,F,F6,1,3.5,4.5,0,0,0,1,5,0,0,1,1,0,0,13,120,65,20.39999962
traditional health message,control,3,E,E3,1,2.25,2.5,3,2,1,1,2.333333254,0,0,1,1,0,0,13,230,65,32.09999847
traditional health message,control,5,F,F5,1,2,3.5,3,2,1,1,2.333333254,0,0,1,0,1,0,13.5,216,65,39.5
expose treatment,expose treatment,6,F,F6,1,4.75,1,2,2,0,1,3.666666746,1,0,0,1,0,0,13.5,195,65,31.60000038
expose treatment,expose treatment,4,F,F4,1,1.75,3,1,1,0,1.666666627,1,0,0,1,0,1,0,14,190,65,29.39999962
expose treatment,expose treatment,5,G,G5,1,3.5,3,3,2,1,2.333333254,2.666666746,0,0,1,0,1,0,14,185,65,31.799999239999998
expose treatment,expose treatment,1,G,G1,1,3.5,4.5,2,1,1,2.333333254,2.666666746,1,0,1,0,1,0,14,190,52,32.79999924
traditional health message,control,4,F,F4,1,1.25,1,3,2,1,1,3,0,0,1,1,0,0,14,190,65,29.60000038
expose treatment,expose treatment,3,G,G3,1,2,2,3,2,1,1.333333373,3.666666746,0,0,1,0,1,0,15,190,65,29.60000038
expose treatment,expose treatment,3,E,E3,1,3.25,4,2,1,1,1,2.666666746,0,0,1,1,0,0,14,195,78,28.200000760000002
traditional health message,control,1,G,G1,1,2.25,2,2,1,1,1,3.666666746,1,0,0,1,0,0,14,185,65,29.60000038
traditional health message,control,4,G,G4,1,1.25,2,3,2,1,1,1.666666627,1,1,0,0,0,1,14,216,78,27.200000760000002
expose treatment,expose treatment,4,G,G4,1,3.75,2,2,1,1,1,1.333333373,0,0,1,0,1,0,14,185,65,30.700000760000002
expose treatment,expose treatment,2,G,G2,1,4.5,4,2,2,0,2,1,0,0,1,0,1,0,14,230,78,32.79999924
traditional health message,control,6,G,G6,1,2.5,5,1,1,0,1,3,1,0,1,0,1,0,15,190,65,29.39999962
expose treatment,expose treatment,1,G,G1,1,3.5,2.5,3,2,1,1,3.666666746,0,0,1,1,0,0,13.5,190,65,29.60000038
expose treatment,expose treatment,5,F,F5,1,3.25,5,2,1,1,2.666666746,1,1,0,1,1,0,0,13.5,150,65,27.60000038
traditional health message,control,3,G,G3,1,2.25,2.5,2,1,1,1,4,1,0,1,0,1,0,14,190,65,29.39999962
traditional health message,control,3,G,G3,1,3,2,3,2,1,1,3.666666746,0,0,1,0,1,0,14,165,65,24.39999962
expose treatment,expose treatment,4,G,G4,1,2.5,3,1,1,0,1,3.666666746,1,0,1,0,1,0,13,190,65,31.60000038
expose treatment,expose treatment,3,F,F3,1,4.75,4,2,2,0,1.333333373,1.666666627,1,0,1,1,0,0,13,190,65,29.39999962
expose treatment,expose treatment,2,G,G2,1,3.75,2.5,3,2,1,3,1.333333373,1,0,1,0,1,0,13,199,65,29.39999962
traditional health message,control,4,F,F4,1,1.75,2.5,2,1,1,1,2,1,0,1,0,1,0,13,165,65,25.10000038
traditional health message,control,4,E,E4,1,4,4,2,1,1,1.333333373,3,1,0,1,1,0,0,15,190,65,29.39999962
traditional health message,control,3,G,G3,1,2.75,3.5,2,1,1,1.666666627,2,0,0,0,1,0,0,14,230,65,32.79999924
expose treatment,expose treatment,5,G,G5,1,4.75,3.5,3,2,1,1,3.666666746,0,0,1,0,1,0,13,95,65,17.39999962
traditional health message,control,3,G,G3,1,1.25,2,3,2,1,2,2.333333254,0,0,1,1,0,0,14,190,65,34.5
traditional health message,control,3,E,E3,1,1,2,2,1,1,1.666666627,3,1,0,0,1,0,0,14,250,65,31.60000038
traditional health message,control,5,F,F5,1,2.5,4,3,2,1,1,3.666666746,1,0,0,1,0,0,13,85,52,20.10000038
expose treatment,expose treatment,1,F,F1,1,3,3,1,1,0,3,1.333333373,1,0,1,1,0,0,15,189,65,34.5
expose treatment,expose treatment,3,E,E3,1,4,3,1,1,0,2.666666746,1,0,0,1,1,0,0,13,190,78,25.10000038
expose treatment,expose treatment,3,F,F3,1,3.75,4,1,1,0,2.333333254,4.5,0,0,1,1,0,0,13,190,65,29.39999962
expose treatment,expose treatment,3,F,F3,1,4.75,4,1,1,0,3.666666746,1,1,0,1,1,0,0,14,190,65,29.60000038
expose treatment,expose treatment,6,G,G6,1,3,3,2,1,1,2.666666746,2,1,1,1,0,1,1,13,190,65,31.799999239999998
traditional health message,control,5,F,F5,1,1.333333373,2.5,1,1,0,4,1.666666627,0,0,1,1,0,0,13.5,218,65,32.79999924
expose treatment,expose treatment,3,G,G3,1,4,5,1,1,0,1,2.333333254,1,0,1,0,1,0,14,195,65,31.60000038
expose treatment,expose treatment,3,G,G3,1,3,4,2,1,1,1.333333373,3.666666746,1,0,1,0,1,0,14,165,52,29.39999962
expose treatment,expose treatment,4,G,G4,1,3.75,3.5,2,1,1,3,1.666666627,1,0,1,0,1,0,13,216,65,37.40000153
traditional health message,control,2,G,G2,1,1.5,3,3,2,1,1,3,1,0,1,0,1,0,13,159,65,25.10000038
expose treatment,expose treatment,2,F,F2,1,3,3,2,1,1,1,1.666666627,0,0,1,0,1,0,14,199,78,28.10000038
traditional health message,control,1,F,F1,1,2.5,2.5,2,1,1,1,3,0,0,1,0,1,0,14,230,78,37.40000153
expose treatment,expose treatment,2,F,F2,1,3.25,4,1,1,0,2,2.666666746,0,0,1,1,0,0,13,218,65,37.40000153
expose treatment,expose treatment,5,F,F5,1,2.5,3.5,1,0,1,1,3,1,1,0,0,0,1,15,190,65,27.89999962
expose treatment,expose treatment,5,F,F5,1,4.75,2.5,3,2,1,3,1.666666627,0,0,1,1,0,0,14,195,78,27.89999962
traditional health message,control,4,E,E4,1,1,2,1,0,1,2,3.666666746,1,0,1,0,1,0,14,189,65,31.799999239999998
expose treatment,expose treatment,4,G,G4,1,3.75,3.5,2,1,1,1.666666627,3,1,1,1,1,0,0,14,216,78,31.60000038
traditional health message,control,5,F,F5,1,1.75,2.5,0,0,0,2.666666746,2.666666746,1,0,1,1,0,0,14,230,65,37.40000153
traditional health message,control,4,F,F4,1,1.5,2.5,2,1,1,1,3.333333254,0,0,1,0,1,0,13,199,65,34.5
expose treatment,expose treatment,3,F,F3,1,4.25,4.5,3,2,1,1,2.333333254,0,0,1,0,1,0,14,218,65,37.40000153
expose treatment,expose treatment,6,G,G6,1,2,2,2,1,1,1.666666627,1.666666627,0,0,1,0,1,0,14,216,65,39.5
traditional health message,control,4,E,E4,1,4.5,4,2,1,1,1,3.333333254,1,0,1,1,0,0,14,105,65,18.10000038
expose treatment,expose treatment,5,E,E5,1,2.75,4,2,2,0,3.666666746,1.333333373,0,0,1,1,0,0,14,172,78,24.200000760000002
traditional health message,control,2,G,G2,1,2.5,2.5,2,1,1,1.333333373,1.666666627,0,0,1,0,1,0,14,250,65,39.5
expose treatment,expose treatment,1,F,F1,1,1.5,1.5,3,2,1,2,2.333333254,0,0,1,1,0,0,14,250,65,32.79999924
expose treatment,expose treatment,4,G,G4,1,4.5,3.5,1,1,0,1,1.333333373,1,0,0,0,0,0,13,180,65,29.39999962
traditional health message,control,2,G,G2,1,1.5,3,2,2,0,1.333333373,3.666666746,0,0,1,0,1,0,14,97,65,16.299999239999998
traditional health message,control,4,G,G4,1,1.75,3.5,2,2,0,1,2,0,0,1,0,1,0,14,218,52,31.60000038
traditional health message,control,2,F,F2,1,2.25,3,3,2,1,1.666666627,2.666666746,0,0,1,1,0,0,13.5,218,65,39.5
traditional health message,control,3,E,E3,1,2.25,3,3,2,1,3,3,0,0,1,1,0,0,15,195,65,31.799999239999998
expose treatment,expose treatment,2,F,F2,1,2.75,2,1,0,1,1,2.333333254,0,0,1,1,0,0,14,218,78,32.79999924
expose treatment,expose treatment,4,F,F4,1,2.5,4,1,1,0,1.333333373,3,0,0,1,1,0,0,14,120,78,17.39999962
expose treatment,expose treatment,3,E,E3,1,4.5,3.5,2,2,0,3,3,1,0,1,1,0,0,13.5,189,65,29.60000038
traditional health message,control,6,G,G6,1,1.5,2,3,2,1,1,3,1,0,1,0,1,0,14,145,52,24.39999962
traditional health message,control,1,G,G1,1,2,3,2,1,1,1,5,0,0,0,1,0,0,13,185,65,30.700000760000002
expose treatment,expose treatment,2,G,G2,1,4.5,4.5,3,2,1,3.666666746,2.333333254,1,0,1,1,0,0,14,96,65,17.700000760000002
traditional health message,control,2,F,F2,1,3.5,2,3,2,1,1,1.333333373,1,0,1,1,0,0,13,185,65,27.200000760000002
traditional health message,control,4,E,E4,1,2.75,3,1,0,1,1,2.666666746,0,0,1,1,0,0,14,199,78,28.200000760000002
expose treatment,expose treatment,6,F,F6,1,4,5,3,2,1,1,4.333333492,0,0,0,1,0,0,14,85,65,17.700000760000002
traditional health message,control,3,F,F3,1,1.75,2,2,1,1,1.333333373,3.333333254,0,0,1,0,1,0,13,185,65,30.700000760000002
expose treatment,expose treatment,2,F,F2,1,4.25,3.5,3,2,1,2.333333254,3.666666746,1,0,1,1,0,0,14,230,65,39.5
expose treatment,expose treatment,4,F,F4,1,3.5,4,3,2,1,1,3,1,0,1,1,0,0,13,218,65,32.79999924
expose treatment,expose treatment,5,G,G5,1,2.5,3.5,3,2,1,1,3.333333254,0,0,1,0,1,0,14,107,65,19
expose treatment,expose treatment,4,F,F4,1,3.25,2,3,2,1,2,2,1,0,1,1,0,0,13,150,65,26.299999239999998
traditional health message,control,6,G,G6,1,2.5,3,1,1,0,1,3.333333254,1,1,1,0,1,1,13,190,65,30.700000760000002
traditional health message,control,5,G,G5,1,3.25,4.5,3,2,1,2.666666746,2,0,0,1,0,1,0,13,195,52,32.09999847
expose treatment,expose treatment,3,E,E3,1,4,4,3,2,1,3,1,1,0,1,1,0,0,14,195,65,32.79999924
traditional health message,control,4,G,G4,1,2.25,2,3,2,1,2.666666746,3,0,0,1,1,0,0,13,190,65,29.39999962
traditional health message,control,3,G,G3,1,3.25,3.5,3,2,1,1,3.666666746,1,0,1,0,1,0,13,190,65,29.39999962
traditional health message,control,4,G,G4,1,2.75,4,3,2,1,1,1.666666627,0,0,1,0,1,0,13,190,65,29.60000038
expose treatment,expose treatment,6,G,G6,1,3.5,4.5,2,1,1,4,1,0,0,1,0,1,0,14,185,65,30.700000760000002
expose treatment,expose treatment,4,G,G4,1,3.25,3.5,3,2,1,1.333333373,2,1,0,1,1,0,0,13,168,65,28.200000760000002
traditional health message,control,3,F,F3,1,2.25,2,3,2,1,1,4,0,0,0,1,0,0,14,218,65,39.5
expose treatment,expose treatment,4,F,F4,1,2.25,3,2,1,1,1.333333373,2.666666746,1,0,1,1,0,0,14,185,65,29.39999962
traditional health message,control,6,F,F6,1,3.75,4.5,3,2,1,1,3.333333254,0,0,1,1,0,0,14,218,52,31.60000038
traditional health message,control,4,E,E4,1,1.5,1.5,3,2,1,1.333333373,3.333333254,0,0,1,0,1,0,13,190,65,34.5
expose treatment,expose treatment,5,E,E5,1,4.5,4.5,3,2,1,2.666666746,1,1,0,1,1,0,0,15,190,65,27.200000760000002
expose treatment,expose treatment,5,G,G5,1,1.25,3,3,2,1,1,2,0,0,1,0,1,0,13,230,65,32.09999847
traditional health message,control,2,G,G2,1,2.5,3,1,1,0,1,4,0,0,1,1,0,0,14,125,65,20.39999962
expose treatment,expose treatment,1,F,F1,1,3.5,4,1,1,0,1,3.333333254,1,0,1,1,0,0,14,103,65,17.89999962
traditional health message,control,2,G,G2,1,2.25,4,2,1,1,1,2,1,0,1,0,1,0,13.5,190,65,31.60000038
traditional health message,control,6,F,F6,1,1.25,1.5,2,1,1,1,4,0,0,1,0,1,0,13.5,216,65,31.60000038
expose treatment,expose treatment,5,F,F5,1,3,4,3,2,1,4,2.666666746,1,1,1,0,1,1,13,190,65,30.700000760000002
traditional health message,control,2,G,G2,1,3.5,3,2,2,0,2,2.666666746,0,0,1,0,1,0,14,195,65,29.39999962
expose treatment,expose treatment,4,E,E4,1,1.5,2.5,2,1,1,1.333333373,4,0,0,0,1,0,0,14,97,65,16.200000760000002
expose treatment,expose treatment,6,G,G6,1,4.25,4,1,1,0,2.666666746,1.333333373,1,0,1,0,1,0,14,190,65,31.60000038
expose treatment,expose treatment,1,G,G1,1,2.25,3,3,2,1,1,2.666666746,0,0,1,1,0,0,14,190,65,27.200000760000002
traditional health message,control,6,G,G6,1,1,2,3,2,1,1.333333373,2.333333254,1,0,1,1,0,0,13,190,65,27.200000760000002
traditional health message,control,4,E,E4,1,1.25,2.5,2,1,1,1,1.333333373,0,0,1,1,0,0,14,216,78,32.79999924
expose treatment,expose treatment,1,F,F1,1,4,3,3,2,1,1.666666627,1,0,0,1,0,1,0,15,195,65,34.5
expose treatment,expose treatment,1,G,G1,1,3.5,3.5,1,1,0,1.333333373,2.333333254,0,0,1,0,1,0,13,94,65,17.39999962
traditional health message,control,5,G,G5,1,3.25,3.5,3,2,1,2.333333254,2,1,0,1,0,1,0,14,195,65,32.79999924
expose treatment,expose treatment,2,G,G2,1,5,3.5,3,2,1,2,2,0,0,1,1,0,0,14,218,65,32.79999924
traditional health message,control,1,G,G1,1,3,3.5,2,2,0,2,2.333333254,0,0,1,0,1,0,13,250,78,31.60000038
expose treatment,expose treatment,6,G,G6,1,5,5,3,2,1,2.333333254,3,0,0,1,0,1,0,13.5,185,65,29.60000038
expose treatment,expose treatment,1,F,F1,1,4.5,3.5,2,1,1,2.666666746,2.333333254,1,0,0,1,0,0,14,216,65,32.79999924
expose treatment,expose treatment,3,E,E3,1,2,3.5,3,2,1,1,1.666666627,0,0,1,0,1,0,14,216,65,31.60000038
traditional health message,control,6,G,G6,1,4,2.5,3,2,1,1,2.666666746,1,0,1,1,0,0,14,185,65,29.60000038
traditional health message,control,1,F,F1,1,2,3.5,3,2,1,1,2.666666746,1,0,1,1,0,0,14,195,65,32.79999924
expose treatment,expose treatment,4,E,E4,1,4.75,5,0,0,0,2,2.333333254,0,0,1,0,1,0,14,96,65,16.799999239999998
traditional health message,control,4,E,E4,1,2.75,2.5,3,2,1,1,2.666666746,0,0,0,1,0,0,14,189,65,31.799999239999998
expose treatment,expose treatment,5,F,F5,1,1.75,2,3,2,1,1,3.333333254,0,0,1,1,0,0,13.5,230,78,37.40000153
expose treatment,expose treatment,1,F,F1,1,4.25,3.5,1,1,0,3.666666746,2.333333254,1,0,1,1,0,0,14,195,78,27.89999962
traditional health message,control,3,G,G3,1,2.5,4,2,1,1,1,3.333333254,0,0,1,1,0,0,14,250,78,32.79999924
expose treatment,expose treatment,2,G,G2,1,4,2.5,3,2,1,1.666666627,3,1,0,1,1,0,0,14,218,65,39.5
expose treatment,expose treatment,2,F,F2,1,2.5,2,3,2,1,1,3,1,0,1,0,1,0,14,190,65,34.5
traditional health message,control,5,G,G5,1,1.5,3,3,2,1,1,3.666666746,0,0,1,0,1,0,13.5,216,65,39.5
expose treatment,expose treatment,3,F,F3,1,4.25,3.5,1,1,0,1.666666627,3.666666746,1,1,1,0,1,1,13,218,78,34.5
expose treatment,expose treatment,1,G,G1,1,1,1,3,2,1,2,2.333333254,0,0,1,0,1,0,14,190,65,31.799999239999998
traditional health message,control,3,E,E3,1,1.25,2.5,3,2,1,4,1.333333373,0,0,1,1,0,0,14,218,52,37.40000153
expose treatment,expose treatment,3,E,E3,1,2,1,2,1,1,1,2.666666746,1,0,1,1,0,0,13,190,65,32.79999924
expose treatment,expose treatment,3,G,G3,1,4.75,4,1,1,0,3,1,0,0,1,1,0,0,14,185,65,27.200000760000002
expose treatment,expose treatment,3,G,G3,1,3.25,4,0,0,0,2,2.666666746,1,0,1,0,1,0,13,185,65,29.39999962
traditional health message,control,1,G,G1,1,2.75,3,2,1,1,2.666666746,2,0,0,1,0,1,0,14,185,65,30.700000760000002
expose treatment,expose treatment,5,G,G5,1,1.75,1.5,3,2,1,1,2.666666746,1,0,1,0,1,0,14,89,65,15.80000019
traditional health message,control,2,F,F2,1,1.75,3,2,1,1,1,4,0,0,1,0,1,0,13,107,65,19.700000760000002
traditional health message,control,5,F,F5,1,2,3.5,3,2,1,1,2.333333254,1,0,1,1,0,0,14,185,65,31.60000038
expose treatment,expose treatment,4,G,G4,1,3.75,3.5,2,1,1,2,1,1,0,1,0,1,0,13,216,65,39.5
traditional health message,control,4,G,G4,1,1.75,2.5,1,0,1,1,1.666666627,1,0,1,0,1,0,13.5,195,65,32.79999924
expose treatment,expose treatment,5,E,E5,1,4.25,4.5,2,1,1,4,1.333333373,1,0,1,1,0,0,14,195,52,39.5
expose treatment,expose treatment,4,E,E4,1,3.5,3.5,2,1,1,1,1.666666627,0,0,1,1,0,0,15,112,65,17.799999239999998
traditional health message,control,1,G,G1,1,2.25,4.5,2,1,1,1,5,1,0,1,0,1,0,13,80,52,16.89999962
traditional health message,control,5,E,E5,1,1.75,3,3,2,1,2.666666746,1,1,0,1,0,1,0,14,230,65,32.09999847
expose treatment,expose treatment,5,G,G5,1,4.75,5,1,1,0,1.333333373,2.333333254,1,0,1,0,1,0,13,185,65,29.39999962
expose treatment,expose treatment,3,G,G3,1,4.25,4,0,0,0,3,1.666666627,1,0,1,0,1,0,13,190,65,29.39999962
expose treatment,expose treatment,4,E,E4,1,3.75,4.5,3,2,1,1,3,1,0,1,0,1,0,14,150,65,26.60000038
traditional health message,control,5,F,F5,1,2.25,3,2,1,1,1,1.666666627,1,0,0,1,0,0,14,195,65,31.60000038
traditional health message,control,3,F,F3,1,2.5,3,1,0,1,2,3.666666746,0,0,1,1,0,0,13,130,65,19.200000760000002
traditional health message,control,5,F,F5,1,2.75,4,3,2,1,1,4.666666508,0,0,1,0,1,0,14,195,52,37.40000153
expose treatment,expose treatment,3,E,E3,1,4,5,3,2,1,1,2.333333254,1,0,1,0,1,0,14,189,52,32.09999847
traditional health message,control,3,F,F3,1,2.5,3.5,3,2,1,2,3.333333254,0,1,1,0,1,1,14,130,78,15.80000019
traditional health message,control,3,G,G3,1,1.75,5,1,1,0,1,3.666666746,1,0,1,0,1,0,14,195,65,29.39999962
traditional health message,control,5,G,G5,1,2.5,3.5,2,1,1,2,2,1,0,0,1,0,0,13,190,52,32.79999924
traditional health message,control,3,E,E3,1,2,2,1,1,0,1,3.666666746,0,0,1,1,0,0,13,108,78,16.299999239999998
expose treatment,expose treatment,4,F,F4,1,3,3.5,1,1,0,2,1,1,0,1,0,1,0,14,195,65,32.79999924
expose treatment,expose treatment,4,E,E4,1,3,3,3,2,1,1,3.666666746,1,0,1,1,0,0,14,190,65,32.79999924
traditional health message,control,3,F,F3,1,1.5,2.5,3,2,1,1,5,0,0,1,1,0,0,13,216,65,32.79999924
traditional health message,control,6,G,G6,1,2.25,2.5,0,0,0,1,2.666666746,0,0,1,0,1,0,13,120,65,19.10000038
expose treatment,expose treatment,5,G,G5,1,2.75,4,2,1,1,1.333333373,2,0,0,1,1,0,0,13,218,65,31.60000038
expose treatment,expose treatment,2,F,F2,1,3.75,5,2,2,0,1.666666627,1.333333373,0,0,1,1,0,0,14,95,65,17
traditional health message,control,1,F,F1,1,1.75,3,3,2,1,2.666666746,3,0,0,1,0,1,0,15,250,65,31.60000038
expose treatment,expose treatment,1,G,G1,1,3.75,4,3,2,1,1.333333373,2.666666746,1,0,1,0,1,0,14,190,65,31.60000038
expose treatment,expose treatment,6,F,F6,1,3.5,4.5,1,1,0,2,2.666666746,1,0,1,0,1,0,13,185,65,34.5
expose treatment,expose treatment,5,F,F5,1,1.5,3,3,2,1,1.666666627,2.666666746,1,0,1,0,1,0,14,190,65,34.5
traditional health message,control,5,F,F5,1,2.25,2,3,2,1,1,3.666666746,0,0,1,0,1,0,14,189,65,30.700000760000002
traditional health message,control,3,G,G3,1,2,4.5,3,2,1,1.333333373,1.333333373,1,0,1,1,0,0,14,216,65,39.5
expose treatment,expose treatment,3,G,G3,1,4,4,3,2,1,1.333333373,3.333333254,1,0,1,1,0,0,13,90,52,18.200000760000002
traditional health message,control,2,F,F2,1,1,2.5,3,2,1,1,3.666666746,0,0,1,0,1,0,14,190,65,30.700000760000002
traditional health message,control,2,F,F2,1,2.5,3.5,2,1,1,2.666666746,4.333333492,0,0,1,1,0,0,15,230,78,34.5
traditional health message,control,3,F,F3,1,1.75,3.5,2,1,1,1,3.333333254,1,0,1,1,0,0,13.5,98,65,19
expose treatment,expose treatment,4,G,G4,1,3.25,4.5,2,1,1,1,3,0,0,1,0,1,0,13,190,65,27.200000760000002
expose treatment,expose treatment,5,F,F5,1,4.25,2.5,2,2,0,2,1,1,0,1,0,1,0,14,185,65,29.39999962
expose treatment,expose treatment,2,G,G2,1,4.5,5,2,1,1,2.666666746,1.333333373,0,0,1,0,1,0,14,190,65,29.60000038
traditional health message,control,5,E,E5,1,2.5,3.5,2,1,1,1,3.333333254,0,0,1,1,0,0,14,195,52,32.09999847
traditional health message,control,5,E,E5,1,3.5,4,3,2,1,1,5,0,0,1,1,0,0,14,144,78,19.700000760000002
traditional health message,control,5,G,G5,1,3,3.5,1,1,0,1,1.666666627,1,0,1,0,1,0,15,190,65,29.60000038
expose treatment,expose treatment,3,E,E3,1,3.75,4,3,2,1,3,1,1,0,1,0,1,0,14,250,65,32.79999924
traditional health message,control,3,G,G3,1,2,3,0,0,0,1,3.666666746,1,0,1,1,0,0,14,178,65,27.200000760000002
traditional health message,control,1,G,G1,1,2.5,3,2,1,1,1,2.333333254,1,0,1,1,0,0,14,216,65,37.40000153
traditional health message,control,3,F,F3,1,1.75,3,3,2,1,3.666666746,1.333333373,0,0,1,1,0,0,13.5,199,78,28.200000760000002
expose treatment,expose treatment,4,E,E4,1,4.25,3.5,2,2,0,1.333333373,3.333333254,0,0,1,0,1,0,13,148,52,24.39999962
traditional health message,control,6,F,F6,1,2.5,2.5,3,2,1,1,4,0,0,1,1,0,0,13,218,65,32.79999924
expose treatment,expose treatment,2,F,F2,1,4.5,2,2,1,1,1,2.666666746,1,0,1,1,0,0,13,218,65,39.5
expose treatment,expose treatment,5,E,E5,1,3,3.5,3,2,1,1,1.666666627,0,0,1,0,1,0,13.5,216,78,29.39999962
traditional health message,control,2,F,F2,1,1.25,3.5,3,2,1,1,2,0,0,1,0,1,0,14,185,65,30.700000760000002
traditional health message,control,1,G,G1,1,3,3.5,2,2,0,3,1.333333373,1,0,1,1,0,0,15,218,65,31.60000038
expose treatment,expose treatment,1,F,F1,1,5,4.5,3,2,1,1,4,0,0,1,1,0,0,14,216,78,34.5
traditional health message,control,1,F,F1,1,2,3.5,2,1,1,2,3,0,0,1,1,0,0,15,230,65,37.40000153
traditional health message,control,5,E,E5,1,1,1.5,3,2,1,1,3.666666746,0,0,1,1,0,0,14,230,78,37.40000153
traditional health message,control,4,G,G4,1,3,4,3,2,1,4,1.333333373,0,0,1,0,1,0,14,216,65,31.60000038
traditional health message,control,2,F,F2,1,3.75,3,1,1,0,1,2.666666746,1,0,1,1,0,0,14,100,65,18.700000760000002
traditional health message,control,2,F,F2,1,2,4,1,1,0,3,1.333333373,0,0,1,0,1,0,15,195,52,34.5
expose treatment,expose treatment,6,F,F6,1,1.25,3,3,2,1,1,1.666666627,1,0,0,1,0,0,13.5,125,65,19.799999239999998
traditional health message,control,3,E,E3,1,3.25,3,3,2,1,1,1.666666627,1,0,1,1,0,0,14,195,65,34.5
traditional health message,control,4,F,F4,1,2.75,5,2,1,1,1,1,1,0,1,1,0,0,14,190,65,27.200000760000002
traditional health message,control,2,F,F2,1,2.75,2.5,3,2,1,1,3,0,0,1,0,1,0,14,190,65,30.700000760000002
traditional health message,control,4,F,F4,1,1.25,2,3,2,1,1,3.666666746,0,0,0,1,0,0,14,190,65,27.200000760000002
expose treatment,expose treatment,3,F,F3,1,4.75,3.5,0,0,0,3,1,1,0,1,0,1,0,14,147,65,24.89999962
expose treatment,expose treatment,5,E,E5,1,3.75,3.5,3,2,1,2,2,0,0,1,1,0,0,13,185,65,30.700000760000002
expose treatment,expose treatment,3,G,G3,1,3.5,4,0,0,0,2.666666746,3.666666746,0,1,1,0,1,1,14,218,65,29.39999962
traditional health message,control,3,E,E3,1,1.75,2,2,1,1,1,1.333333373,0,0,1,1,0,0,14,190,65,34.5
traditional health message,control,1,G,G1,1,2,2.5,2,2,0,1,2.666666746,0,0,1,0,1,0,14,216,65,37.40000153
traditional health message,control,4,F,F4,1,2.25,2,2,1,1,1,4.333333492,1,0,1,1,0,0,13,90,65,16.200000760000002
expose treatment,expose treatment,3,G,G3,1,2.75,3.5,1,1,0,4,2.333333254,0,0,1,0,1,0,14,216,65,31.60000038
expose treatment,expose treatment,4,F,F4,1,3.5,2.5,3,2,1,1,2.666666746,1,0,1,1,0,0,13,102,65,18.200000760000002
expose treatment,expose treatment,3,G,G3,1,3.25,4,2,1,1,1,2,1,0,1,0,1,0,14,185,65,34.5
expose treatment,expose treatment,5,E,E5,1,1.25,2,3,2,1,2,2.666666746,0,0,1,0,1,0,14,230,65,32.09999847
traditional health message,control,5,E,E5,1,2.5,4.5,0,0,0,1,3.333333254,0,0,1,1,0,0,13,218,65,31.60000038
